accession,snp_index,positions,ref_bases,alt_bases,size,delta_pred
6907,386,251;212;256,CTT,AAA,3,0.2828185746455858
6923,386,251;212;256,CTT,AAA,3,0.2697629695217046
6091,386,251;212;256,CTT,AAA,3,0.26345247661431026
8312,386,251;212;256,CTT,AAA,3,0.26083424180701753
6019,386,251;212;256,CTT,AAA,3,0.2606580627558459
9903,386,251;212;256,CTT,AAA,3,0.2568449529580433
763,386,251;212;256,CTT,AAA,3,0.25638275349747564
9846,386,251;212;256,CTT,AAA,3,0.25489061899273396
6943,386,251;212;256,CTT,AAA,3,0.25424696297915494
6022,386,251;212;256,CTT,AAA,3,0.2542361756637933
6971,386,251;212;256,CTT,AAA,3,0.25295471925954593
6021,386,251;212;256,CTT,AAA,3,0.25258565592736304
9914,386,251;212;256,CTT,AAA,3,0.252523154024479
6193,386,251;212;256,CTT,AAA,3,0.2515108865267274
9633,386,251;212;256,CTT,AAA,3,0.2514579354140254
9381,386,251;212;256,CTT,AAA,3,0.2513762517062764
9867,386,251;212;256,CTT,AAA,3,0.25101327882268076
5776,386,251;212;256,CTT,AAA,3,0.2490534985216979
6904,386,251;212;256,CTT,AAA,3,0.24905349852169767
14312,386,251;212;256,CTT,AAA,3,0.24905349852169764
14313,386,251;212;256,CTT,AAA,3,0.2490534985216976
8264,386,251;212;256,CTT,AAA,3,0.2490534985216976
9722,386,251;212;256,CTT,AAA,3,0.24905349852169748
6214,386,251;212;256,CTT,AAA,3,0.24905349852169745
6173,386,251;212;256,CTT,AAA,3,0.24833898492395212
7248,386,251;212;256,CTT,AAA,3,0.2482152580398359
6163,386,251;212;256,CTT,AAA,3,0.24703570224559712
6166,386,251;212;256,CTT,AAA,3,0.2470357022455968
430,386,251;212;256,CTT,AAA,3,0.24672865163124233
9451,386,251;212;256,CTT,AAA,3,0.24599966889465813
8343,386,251;212;256,CTT,AAA,3,0.24523609648281047
9629,386,251;212;256,CTT,AAA,3,0.2450193307681477
2412,386,251;212;256,CTT,AAA,3,0.24500628004722014
544,386,251;212;256,CTT,AAA,3,0.24500628004722003
2017,386,251;212;256,CTT,AAA,3,0.24500628004721992
546,386,251;212;256,CTT,AAA,3,0.24500628004721992
1793,386,251;212;256,CTT,AAA,3,0.24500628004721992
2370,386,251;212;256,CTT,AAA,3,0.2450062800472198
2081,386,251;212;256,CTT,AAA,3,0.2450062800472198
7071,386,251;212;256,CTT,AAA,3,0.244639109065535
1797,386,251;212;256,CTT,AAA,3,0.24369900208481154
2091,386,251;212;256,CTT,AAA,3,0.24213179045408617
7162,386,251;212;256,CTT,AAA,3,0.24039648673049036
9997,384,106;410;414,CTA,GGC,3,0.23904911346596258
9755,386,250;211;255,CTT,AAA,3,0.2385188393278097
9382,386,253;214;258,CTT,AAA,3,0.23754752048741
6244,386,251;212;256,CTT,AAA,3,0.23612554900570193
6924,386,251;212;256,CNT,AAA,3,0.23468648582014662
9383,386,251;212;256,CTT,AAA,3,0.22984330787926033
15591,386,251;212;256,CTT,AAA,3,0.2291604797596138
350,386,251;212;256,CTT,AAA,3,0.22130943329890584
9984,16,2;1,NT,AG,2,0.21864802060602967
6966,386,251;212;256,CTT,AAA,3,0.21496604489547838
6908,386,251;212;256,CTT,AAA,3,0.21428284140890877
6008,386,251;212;256,CTT,AAA,3,0.21206851808455707
9874,386,251;212;256,CTT,AAA,3,0.2083894153975125
7013,386,251;212;256,CTT,AAA,3,0.2078352738976511
6192,386,251;212;256,CTT,AAA,3,0.20708245995688673
5784,386,251;212;256,CTT,AAA,3,0.20641398300630442
7000,386,251;212;256,CTT,AAA,3,0.20495949065922175
9855,386,249;248;209,CCT,TAA,3,0.20491471703534603
6967,386,251;212;256,CTT,AAA,3,0.2039397405542005
6909,386,251;212;256,CTT,AAA,3,0.20300002483997603
9849,226,145;117;112,ATG,CGT,3,0.2003700388493287
9870,386,251;212;256,CTT,AAA,3,0.19996716149493843
9612,386,251;212;256,CTT,AAA,3,0.19296243105940333
9775,168,144;145,NG,GA,2,0.18822945648659095
9639,386,251;212;256,CTT,AAA,3,0.1869849529158797
8422,386,249;212;258,ATC,CGA,3,0.1835787184816925
351,386,212;258;256,TCT,AAA,3,0.18262426090660502
9452,386,251;212;256,CTT,AAA,3,0.18100016576146627
9983,168,144;145,NN,GA,2,0.17593598700808266
9875,386,212;258;256,TCT,AGA,3,0.1726329847414949
9764,51,235;236;498,CCC,AGG,3,0.1701524691890789
9719,386,250;210;254,CTA,TGG,3,0.16960966670863464
9470,386,251;212;256,CTT,AAA,3,0.16795356640361675
9638,51,235;236;498,CCC,AGG,3,0.16620573079721312
410,51,235;236;498,CCC,TGG,3,0.16496708308874672
9539,51,237;236;498,GCC,TAG,3,0.16373158721488412
7378,386,252;212,CT,TG,2,0.16331899382805193
9806,51,235;236;498,CCC,AGG,3,0.16274703634244234
8240,51,235;236;498,CCC,AGG,3,0.1627470363424423
9795,51,235;236;498,CCC,AGG,3,0.1627470363424422
9399,51,235;236;498,CCC,AGG,3,0.16274703634244214
9542,51,235;236;498,CCC,AGG,3,0.16274703634244203
9918,386,250;247;210,CAT,TGG,3,0.16185566855965675
9810,51,235;236;498,CCC,TAG,3,0.16095454452447844
7158,51,235;236;498,CCC,AGG,3,0.16095028535215278
7424,51,235;236;498,CCC,AGG,3,0.16067449541627507
9946,386,249;212;258,ATC,CGA,3,0.15943485090482534
2016,386,211;257;255,TCA,GGG,3,0.1589849199497338
6961,386,251;212;256,CTT,AAA,3,0.15848795061109633
7307,386,251;212;256,CTT,AAA,3,0.15514028478854078
9943,386,251;212;258,CTC,AAA,3,0.1546872134641155
5772,51,237;236;498,GCC,TAG,3,0.15417113572822008
8235,386,211;257;255,TNA,GGG,3,0.1519329943526569
9528,51,235;236;498,CCC,TAG,3,0.15125712126249558
10022,386,212;258;256,TCA,AGG,3,0.15088203682449874
9847,56,153;87;145,CCG,GGC,3,0.14830779490456708
6970,299,272;271;273,TCT,GAC,3,0.14812961611163494
9517,49,262;255;83,CGG,TCC,3,0.14808107278649935
9835,49,262;255;83,CGG,TCC,3,0.14808107278649907
9848,51,235;236;498,CCC,TAG,3,0.14612094655554475
7280,386,212;258;256,TCA,GGG,3,0.1450021089823812
6020,51,237;236;498,GCC,TAG,3,0.14275094227320706
6944,51,237;236;498,GCC,TAG,3,0.14275094227320684
6105,386,251;212;256,CTT,AAA,3,0.1423070455046198
9877,49,262;255;83,CGG,TCC,3,0.13853967158996308
9450,49,262;255;83,CGG,TCC,3,0.13847792862287195
9529,299,272;271;273,TCT,GAC,3,0.09919469337261408
