accession,step,variant_type,snp_index,positions,ref_bases,alt_bases,size,original_delta,step_delta,cumulative_delta,prediction_after_step
10022,1,combo,386,212;258;256,TCA,AGG,3,0.15088203682449886,0.15088203682449886,0.15088203682449886,0.6142971774645313
14312,1,combo,386,251;212;256,CTT,AAA,3,0.24905349852169775,0.24905349852169775,0.24905349852169775,-0.23281392889228256
14313,1,combo,386,251;212;256,CTT,AAA,3,0.24905349852169756,0.24905349852169756,0.24905349852169756,0.024504251345782206
15591,1,combo,386,251;212;256,CTT,AAA,3,0.2291604797596139,0.2291604797596139,0.2291604797596139,0.5139330333244976
1793,1,combo,386,251;212;256,CTT,AAA,3,0.24500628004722014,0.24500628004722014,0.24500628004722014,1.2715195896730842
1797,1,combo,386,251;212;256,CTT,AAA,3,0.24369900208481154,0.24369900208481154,0.24369900208481154,1.1405348616713604
2016,1,combo,386,211;257;255,TCA,GGG,3,0.15898491994973374,0.15898491994973374,0.15898491994973374,-0.045528652353174395
2017,1,combo,386,251;212;256,CTT,AAA,3,0.24500628004721992,0.24500628004721992,0.24500628004721992,1.1718433192394448
2081,1,combo,386,251;212;256,CTT,AAA,3,0.24500628004721992,0.24500628004721992,0.24500628004721992,0.9898464084024227
2091,1,combo,386,251;212;256,CTT,AAA,3,0.24213179045408617,0.24213179045408617,0.24213179045408617,1.1861955568901006
2370,1,combo,386,251;212;256,CTT,AAA,3,0.24500628004721958,0.24500628004721958,0.24500628004721958,1.1384914509381043
2412,1,combo,386,251;212;256,CTT,AAA,3,0.24500628004722014,0.24500628004722014,0.24500628004722014,1.2592384824907283
350,1,combo,386,251;212;256,CTT,AAA,3,0.22130943329890596,0.22130943329890596,0.22130943329890596,-0.12866691417431597
351,1,combo,386,212;258;256,TCT,AAA,3,0.18262426090660502,0.18262426090660502,0.18262426090660502,0.10631108647581144
410,1,combo,51,235;236;498,CCC,TGG,3,0.16496708308874658,0.16496708308874658,0.16496708308874658,-0.12141801724848393
430,1,combo,386,251;212;256,CTT,AAA,3,0.2467286516312423,0.2467286516312423,0.2467286516312423,0.0497350027659042
544,1,combo,386,251;212;256,CTT,AAA,3,0.24500628004722003,0.24500628004722003,0.24500628004722003,1.067463200423068
546,1,combo,386,251;212;256,CTT,AAA,3,0.24500628004721992,0.24500628004721992,0.24500628004721992,1.1582819477455533
5772,1,combo,51,237;236;498,GCC,TAG,3,0.15417113572822008,0.15417113572822008,0.15417113572822008,-0.2039564153754578
5776,1,combo,386,251;212;256,CTT,AAA,3,0.2490534985216981,0.2490534985216981,0.2490534985216981,-1.0454884263932243
5784,1,combo,386,251;212;256,CTT,AAA,3,0.20641398300630426,0.20641398300630426,0.20641398300630426,-0.43392265127595236
6008,1,combo,386,251;212;256,CTT,AAA,3,0.21206851808455707,0.21206851808455707,0.21206851808455707,-0.5367548481334357
6019,1,combo,386,251;212;256,CTT,AAA,3,0.2606580627558458,0.2606580627558458,0.2606580627558458,-0.9303038191778906
6020,1,combo,51,237;236;498,GCC,TAG,3,0.14275094227320706,0.14275094227320706,0.14275094227320706,-0.2625578223314898
6021,1,combo,386,251;212;256,CTT,AAA,3,0.25258565592736293,0.25258565592736293,0.25258565592736293,-0.6330369262122988
6022,1,combo,386,251;212;256,CTT,AAA,3,0.2542361756637933,0.2542361756637933,0.2542361756637933,-0.782315715978917
6091,1,combo,386,251;212;256,CTT,AAA,3,0.26345247661431026,0.26345247661431026,0.26345247661431026,-0.5330259143757632
6105,1,combo,386,251;212;256,CTT,AAA,3,0.1423070455046197,0.1423070455046197,0.1423070455046197,-0.7602832732805468
6163,1,combo,386,251;212;256,CTT,AAA,3,0.24703570224559712,0.24703570224559712,0.24703570224559712,-1.1592679906823369
6166,1,combo,386,251;212;256,CTT,AAA,3,0.2470357022455969,0.2470357022455969,0.2470357022455969,-0.9461071926949196
6173,1,combo,386,251;212;256,CTT,AAA,3,0.24833898492395212,0.24833898492395212,0.24833898492395212,-1.2515021069646382
6192,1,combo,386,251;212;256,CTT,AAA,3,0.20708245995688668,0.20708245995688668,0.20708245995688668,-0.01612238066599335
6193,1,combo,386,251;212;256,CTT,AAA,3,0.2515108865267274,0.2515108865267274,0.2515108865267274,-0.8125071119100439
6214,1,combo,386,251;212;256,CTT,AAA,3,0.24905349852169745,0.24905349852169745,0.24905349852169745,-1.1124659930496628
6244,1,combo,386,251;212;256,CTT,AAA,3,0.23612554900570193,0.23612554900570193,0.23612554900570193,-0.8990391124709867
6904,1,combo,386,251;212;256,CTT,AAA,3,0.24905349852169756,0.24905349852169756,0.24905349852169756,0.8519279175836955
6907,1,combo,386,251;212;256,CTT,AAA,3,0.2828185746455858,0.2828185746455858,0.2828185746455858,0.10344043690473431
6908,1,combo,386,251;212;256,CTT,AAA,3,0.21428284140890871,0.21428284140890871,0.21428284140890871,0.18685609586996824
6909,1,combo,386,251;212;256,CTT,AAA,3,0.20300002483997603,0.20300002483997603,0.20300002483997603,-0.5846305618258548
6923,1,combo,386,251;212;256,CTT,AAA,3,0.26976296952170464,0.26976296952170464,0.26976296952170464,-0.2928708643814891
6924,1,combo,386,251;212;256,CNT,AAA,3,0.2346864858201466,0.2346864858201466,0.2346864858201466,-0.1492280091467327
6943,1,combo,386,251;212;256,CTT,AAA,3,0.25424696297915517,0.25424696297915517,0.25424696297915517,-0.5437511934570577
6944,1,combo,51,237;236;498,GCC,TAG,3,0.14275094227320695,0.14275094227320695,0.14275094227320695,-0.5867779102859674
6961,1,combo,386,251;212;256,CTT,AAA,3,0.15848795061109633,0.15848795061109633,0.15848795061109633,1.030475644932869
6966,1,combo,386,251;212;256,CTT,AAA,3,0.2149660448954785,0.2149660448954785,0.2149660448954785,-0.37538686224432133
6967,1,combo,386,251;212;256,CTT,AAA,3,0.2039397405542005,0.2039397405542005,0.2039397405542005,-0.388887673070765
6970,1,combo,299,272;271;273,TCT,GAC,3,0.14812961611163483,0.14812961611163483,0.14812961611163483,0.24562499526155915
6971,1,combo,386,251;212;256,CTT,AAA,3,0.25295471925954593,0.25295471925954593,0.25295471925954593,1.0862372819893436
7000,1,combo,386,251;212;256,CTT,AAA,3,0.20495949065922192,0.20495949065922192,0.20495949065922192,-0.3125542394379207
7013,1,combo,386,251;212;256,CTT,AAA,3,0.20783527389765105,0.20783527389765105,0.20783527389765105,-0.19419798643006542
7071,1,combo,386,251;212;256,CTT,AAA,3,0.244639109065535,0.244639109065535,0.244639109065535,-0.5657995150074259
7158,1,combo,51,235;236;498,CCC,AGG,3,0.16095028535215278,0.16095028535215278,0.16095028535215278,0.4589367309720586
7162,1,combo,386,251;212;256,CTT,AAA,3,0.24039648673049047,0.24039648673049047,0.24039648673049047,-0.07322456598096945
7248,1,combo,386,251;212;256,CTT,AAA,3,0.2482152580398359,0.2482152580398359,0.2482152580398359,0.7612589680380956
7280,1,combo,386,212;258;256,TCA,GGG,3,0.1450021089823813,0.1450021089823813,0.1450021089823813,-0.7982045625382616
7307,1,combo,386,251;212;256,CTT,AAA,3,0.15514028478854075,0.15514028478854075,0.15514028478854075,-0.13171648095940608
7378,1,combo,386,252;212,CT,TG,2,0.16331899382805193,0.16331899382805193,0.16331899382805193,-0.7084090292962916
7424,1,combo,51,235;236;498,CCC,AGG,3,0.16067449541627507,0.16067449541627507,0.16067449541627507,0.2967210125486653
763,1,combo,386,251;212;256,CTT,AAA,3,0.2563827534974757,0.2563827534974757,0.2563827534974757,-0.34442667711472746
8235,1,combo,386,211;257;255,TNA,GGG,3,0.15193299435265678,0.15193299435265678,0.15193299435265678,0.28536395515854845
8240,1,combo,51,235;236;498,CCC,AGG,3,0.1627470363424423,0.1627470363424423,0.1627470363424423,-0.41257683223565417
8264,1,combo,386,251;212;256,CTT,AAA,3,0.24905349852169772,0.24905349852169772,0.24905349852169772,0.7140768795266708
8312,1,combo,386,251;212;256,CTT,AAA,3,0.2608342418070177,0.2608342418070177,0.2608342418070177,-0.2935493722849059
8343,1,combo,386,251;212;256,CTT,AAA,3,0.24523609648281042,0.24523609648281042,0.24523609648281042,-0.2672892522290049
8422,1,combo,386,249;212;258,ATC,CGA,3,0.1835787184816925,0.1835787184816925,0.1835787184816925,-0.5747552417231316
9381,1,combo,386,251;212;256,CTT,AAA,3,0.2513762517062763,0.2513762517062763,0.2513762517062763,-0.6861278455368247
9382,1,combo,386,253;214;258,CTT,AAA,3,0.23754752048741046,0.23754752048741046,0.23754752048741046,-0.9957431320018031
9383,1,combo,386,251;212;256,CTT,AAA,3,0.22984330787926033,0.22984330787926033,0.22984330787926033,-0.5042725878896833
9399,1,combo,51,235;236;498,CCC,AGG,3,0.16274703634244203,0.16274703634244203,0.16274703634244203,-0.7694836418584459
9450,1,single,168,145,G,A,1,0.15343967951379694,0.15343967951379694,0.15343967951379694,-0.04626795161932071
9451,1,combo,386,251;212;256,CTT,AAA,3,0.24599966889465813,0.24599966889465813,0.24599966889465813,-0.3794134929255946
9452,1,combo,386,251;212;256,CTT,AAA,3,0.1810001657614665,0.1810001657614665,0.1810001657614665,-0.5403865441197137
9470,1,combo,386,251;212;256,CTT,AAA,3,0.1679535664036167,0.1679535664036167,0.1679535664036167,-0.37550561323810583
9517,1,combo,49,262;255;83,CGG,TCC,3,0.14808107278649935,0.14808107278649935,0.14808107278649935,0.4590827156068234
9528,1,combo,51,235;236;498,CCC,TAG,3,0.15125712126249558,0.15125712126249558,0.15125712126249558,0.7656869894161821
9529,1,single,168,145,G,A,1,0.13011924968597952,0.13011924968597952,0.13011924968597952,0.3728844239823132
9539,1,combo,51,237;236;498,GCC,TAG,3,0.16373158721488412,0.16373158721488412,0.16373158721488412,1.2153460869664463
9542,1,combo,51,235;236;498,CCC,AGG,3,0.16274703634244225,0.16274703634244225,0.16274703634244225,1.0092033606880924
9612,1,combo,386,251;212;256,CTT,AAA,3,0.19296243105940333,0.19296243105940333,0.19296243105940333,0.4370613090479904
9629,1,combo,386,251;212;256,CTT,AAA,3,0.2450193307681479,0.2450193307681479,0.2450193307681479,0.24052820507785397
9633,1,combo,386,251;212;256,CTT,AAA,3,0.2514579354140254,0.2514579354140254,0.2514579354140254,0.4225470392218815
9638,1,combo,51,235;236;498,CCC,AGG,3,0.16620573079721312,0.16620573079721312,0.16620573079721312,0.4651510198680394
9639,1,combo,386,251;212;256,CTT,AAA,3,0.1869849529158797,0.1869849529158797,0.1869849529158797,0.9684071355205923
9719,1,combo,386,250;210;254,CTA,TGG,3,0.16960966670863453,0.16960966670863453,0.16960966670863453,0.7030269939819335
9722,1,combo,386,251;212;256,CTT,AAA,3,0.24905349852169753,0.24905349852169753,0.24905349852169753,0.39363382050833273
9755,1,combo,386,250;211;255,CTT,AAA,3,0.2385188393278097,0.2385188393278097,0.2385188393278097,0.8701865685806568
9764,1,combo,51,235;236;498,CCC,AGG,3,0.17015246918907911,0.17015246918907911,0.17015246918907911,0.5777475735510542
9775,1,combo,168,144;145,NG,GA,2,0.18822945648659095,0.18822945648659095,0.18822945648659095,-0.7964192527375411
9795,1,combo,51,235;236;498,CCC,AGG,3,0.1627470363424422,0.1627470363424422,0.1627470363424422,-0.3413477650419063
9806,1,combo,51,235;236;498,CCC,AGG,3,0.1627470363424423,0.1627470363424423,0.1627470363424423,-0.14133308001057743
9810,1,combo,51,235;236;498,CCC,TAG,3,0.16095454452447852,0.16095454452447852,0.16095454452447852,0.16607403481231842
9835,1,combo,49,262;255;83,CGG,TCC,3,0.14808107278649907,0.14808107278649907,0.14808107278649907,1.029286310290449
9846,1,combo,386,251;212;256,CTT,AAA,3,0.2548906189927342,0.2548906189927342,0.2548906189927342,0.6931991882816703
9847,1,combo,56,153;87;145,CCG,GGC,3,0.1483077949045671,0.1483077949045671,0.1483077949045671,-0.2396555611290255
9848,1,combo,51,235;236;498,CCC,TAG,3,0.14612094655554464,0.14612094655554464,0.14612094655554464,0.8690107501327434
9849,1,combo,226,145;117;112,ATG,CGT,3,0.2003700388493287,0.2003700388493287,0.2003700388493287,0.29419776330578923
9855,1,combo,386,249;248;209,CCT,TAA,3,0.20491471703534603,0.20491471703534603,0.20491471703534603,1.2643882854881707
9867,1,combo,386,251;212;256,CTT,AAA,3,0.25101327882268076,0.25101327882268076,0.25101327882268076,0.9683900018705007
9870,1,combo,386,251;212;256,CTT,AAA,3,0.1999671614949382,0.1999671614949382,0.1999671614949382,0.7263034781985834
9874,1,combo,386,251;212;256,CTT,AAA,3,0.20838941539751238,0.20838941539751238,0.20838941539751238,0.6043587901206091
9875,1,combo,386,212;258;256,TCT,AGA,3,0.1726329847414949,0.1726329847414949,0.1726329847414949,-0.5545203460538877
9877,1,combo,49,262;255;83,CGG,TCC,3,0.13853967158996294,0.13853967158996294,0.13853967158996294,0.22977863976604398
9903,1,combo,386,251;212;256,CTT,AAA,3,0.25684495295804344,0.25684495295804344,0.25684495295804344,0.5237863602001936
9914,1,combo,386,251;212;256,CTT,AAA,3,0.252523154024479,0.252523154024479,0.252523154024479,1.4265586290690782
9918,1,combo,386,250;247;210,CAT,TGG,3,0.1618556685596568,0.1618556685596568,0.1618556685596568,0.2989398508040697
9943,1,combo,386,251;212;258,CTC,AAA,3,0.15468721346411507,0.15468721346411507,0.15468721346411507,1.4634023115059063
9946,1,combo,386,249;212;258,ATC,CGA,3,0.15943485090482556,0.15943485090482556,0.15943485090482556,1.498521204878031
9983,1,combo,168,144;145,NN,GA,2,0.17593598700808255,0.17593598700808255,0.17593598700808255,0.51064472067198
9984,1,combo,16,2;1,NT,AG,2,0.21864802060602945,0.21864802060602945,0.21864802060602945,0.6511269944371104
9997,1,combo,384,106;410;414,CTA,GGC,3,0.2390491134659627,0.2390491134659627,0.2390491134659627,0.5725967679142069
